date_added,FHRSID,BusinessName,BusinessType,AddressLine1,AddressLine2,AddressLine3,AddressLine4,PostCode,LocalAuthorityName,RatingValue,RatingDate,SchemeType,NewRatingPending,Latitude,Longitude,AddressSingleLine
2026-01-01,1904344,Desi Home Food/Your Desi Food Tadka/Desi Food Stall/Your Desi Food Connection/Your Own Home Food/Desi Culture,Mobile caterer,2-8 Luton Road,Dunstable,Beds,,LU5 4RF,Central Bedfordshire,AwaitingInspection,,FHRS,False,51.8890935,-0.5124477,"2-8 Luton Road, Dunstable, Beds, LU5 4RF"
2026-01-01,1904323,Denis Food Wagon,Mobile caterer,Mobile Caterer A25 Shere Lay-by Guildford Road Shere Road,,Albury,Surrey,,Guildford,AwaitingInspection,,FHRS,False,,,"Mobile Caterer A25 Shere Lay-by Guildford Road Shere Road, Albury, Surrey"
2026-01-01,1904364,Aimee's Cakes and Bakes,Mobile caterer,,,,,,Walsall,AwaitingInspection,,FHRS,False,,,
2026-01-01,1904365,Deen Box Events,Mobile caterer,,,,,,Walsall,AwaitingInspection,,FHRS,False,,,
2026-01-01,1904388,Foodcourt,Mobile caterer,,,,,,Walsall,AwaitingInspection,,FHRS,False,,,
2026-01-01,1904374,Joy of Baking by Julia,Mobile caterer,,,,,,Walsall,AwaitingInspection,,FHRS,False,,,
2026-01-01,1904367,Kirsty's Kakes,Mobile caterer,,,,,,Walsall,AwaitingInspection,,FHRS,False,,,
2026-01-01,1904358,My Foodcourt Ltd,Mobile caterer,,,,,,Walsall,AwaitingInspection,,FHRS,False,,,
2026-01-01,1904382,Sweet Joes,Mobile caterer,,,,,,Walsall,AwaitingInspection,,FHRS,False,,,
2026-01-01,1904327,Cocker Bar Orchard,Mobile caterer,,,,,,South Ribble,5,2025-11-26,FHRS,False,,,
2026-01-01,1904287,Carlas Cake Cabin,Mobile caterer,,,,,,Southend-On-Sea,5,2025-12-22,FHRS,False,,,
2026-01-01,1904398,Danny's Dounats,Mobile caterer,,,,,,Southampton,AwaitingInspection,,FHRS,False,,,
2026-01-01,1904443,Burgerman,Mobile caterer,,,,,,Enfield,AwaitingInspection,,FHRS,False,,,
2026-01-01,1904444,Naz Deli,Mobile caterer,,,,,,Enfield,AwaitingInspection,,FHRS,False,,,
2026-01-01,1904429,Tibaz Foods  o/s Asda,Mobile caterer,,,,,,Enfield,AwaitingInspection,,FHRS,True,,,
2026-01-01,1904411,Spudz Worcester,Mobile caterer,Church Street,Worcester,Worcestershire,,WR1 2QQ,Worcester City,AwaitingInspection,,FHRS,False,52.19245925,-2.22092615,"Church Street, Worcester, Worcestershire, WR1 2QQ"
2026-01-01,1904450,Flirtea,Mobile caterer,,,,,,Wiltshire,AwaitingInspection,,FHRS,False,,,
2026-01-01,1904461,King Kebab Tidworth,Mobile caterer,RAM INN PENNINGS ROAD,,TIDWORTH,,SP9 7LG,Wiltshire,AwaitingInspection,,FHRS,False,51.2419961,-1.6641505,"RAM INN PENNINGS ROAD, TIDWORTH, SP9 7LG"
2026-01-01,1904459,Vherbalkitchen,Mobile caterer,,,,,,Wiltshire,AwaitingInspection,,FHRS,False,,,
2026-01-01,1904289,Liggy's Pizza,Mobile caterer,,,,,,Leeds,AwaitingInspection,,FHRS,False,,,
2026-01-02,1904470,Chai Pe Swag,Mobile caterer,,,,,,Hounslow,AwaitingInspection,,FHRS,False,,,
2026-01-03,1904545,Hit or Smash,Mobile caterer,,,,,,Harrow,AwaitingInspection,,FHRS,False,,,
2026-01-03,1904511,Knockout Sips (trades Throughout Swindon),Mobile caterer,3 Alfred Street,Swindon,,,SN1 2BX,Swindon,AwaitingInspection,,FHRS,False,51.5661908,-1.7804754,"3 Alfred Street, Swindon, SN1 2BX"
2026-01-03,1904597,Grayzing Hut,Mobile caterer,,,,,,Rugby,AwaitingInspection,,FHRS,False,,,
2026-01-03,1904611,Grill 36,Mobile caterer,Opposite The Shoe Inn,Salisbury Road,Plaitford,Romsey,SO51 6EE,Test Valley,AwaitingInspection,,FHRS,False,50.9731131,-1.6072135,"Opposite The Shoe Inn, Salisbury Road, Plaitford, Romsey, SO51 6EE"
2026-01-03,1904604,Kashmir Spice,Mobile caterer,,,,,,Buckinghamshire,AwaitingInspection,,FHRS,False,,,
2026-01-03,1904609,Loaded Event Catering,Mobile caterer,Unit 7 The Barns,Manor Farm,Risborough Road,Kingsey,,Buckinghamshire,AwaitingInspection,,FHRS,False,,,"Unit 7 The Barns, Manor Farm, Risborough Road, Kingsey"
2026-01-03,1904610,On-The-Go,Mobile caterer,,,,,,Buckinghamshire,AwaitingInspection,,FHRS,False,,,
2026-01-03,1904502,\*Abiskitchen LTD\*,Mobile caterer,Flat 13,Oxted Court,18 Reynolds Avenue,Redhill,RH1 1TJ,Reigate and Banstead,AwaitingInspection,,FHRS,False,51.2468016,-0.1586192,"Flat 13, Oxted Court, 18 Reynolds Avenue, Redhill, RH1 1TJ"
2026-01-03,1904504,Salt And Vinegar,Mobile caterer,171A High Street,Banstead,Surrey,,SM7 2NT,Reigate and Banstead,AwaitingInspection,,FHRS,False,51.3243515,-0.1965064,"171A High Street, Banstead, Surrey, SM7 2NT"
2026-01-03,1370658,Breakfast Box (The),Mobile caterer,Layby A38,Bridgwater Road,Dundry,Bristol,BS41 8JS,North Somerset,5,2023-08-07,FHRS,False,51.4140090942383,-2.64377903938293,"Layby A38, Bridgwater Road, Dundry, Bristol, BS41 8JS"
2026-01-03,1852674,Matcha Moon,Mobile caterer,,,,,,North Somerset,AwaitingInspection,,FHRS,False,,,
2026-01-03,1824325,Brits ‘N’ Briyani,Mobile caterer,,15 Anderson Drive,West Town,Peterborough,PE3 6HS,Peterborough City,AwaitingInspection,,FHRS,False,52.5751601,-0.2592878,"15 Anderson Drive, West Town, Peterborough, PE3 6HS"
2026-01-06,1904835,A taste of Colchester,Mobile caterer,,,,,,Colchester,AwaitingInspection,,FHRS,False,,,
2026-01-06,1904836,Camberlace Kitchen,Mobile caterer,,,,,,Colchester,AwaitingInspection,,FHRS,False,,,
2026-01-06,1904726,Kingston Jerk,Mobile caterer,,,,,,South Cambridgeshire,AwaitingInspection,,FHRS,False,,,
2026-01-06,1646911,Filipino Cuisine,Mobile caterer,,,,,,Eastbourne,1,2025-11-12,FHRS,False,,,
2026-01-06,981555,The Brew Crew,Mobile caterer,Pitch 12,Brixton Market,Pope's Road,London,,Lambeth,3,2019-03-28,FHRS,False,51.4627976,-0.1126811,"Pitch 12, Brixton Market, Pope's Road, London"
2026-01-06,1904714,SarDhu Traders,Mobile caterer,,,,,,Chelmsford,AwaitingInspection,,FHRS,False,,,
2026-01-06,1904658,Flossie's Bar & Brew,Mobile caterer,,5 Woodham Road,,Billingham,TS23 3SJ,Stockton On Tees,AwaitingInspection,,FHRS,False,54.6220108,-1.283131,"5 Woodham Road, Billingham, TS23 3SJ"
2026-01-06,1904840,Lolas Snack Box,Mobile caterer,Unit 28,Fordhouse Road Industrial Estate,Steel Drive,Wolverhampton,WV10 9XE,Wolverhampton,AwaitingInspection,,FHRS,False,52.6151731,-2.1240808,"Unit 28, Fordhouse Road Industrial Estate, Steel Drive, Wolverhampton, WV10 9XE"
2026-01-06,1904757,Beyond the Bun,Mobile caterer,,40-46 Broadmead,City Centre,Bristol,BS1 3HB,Bristol,AwaitingInspection,,FHRS,False,51.4579605,-2.5887404,"40-46 Broadmead, City Centre, Bristol, BS1 3HB"
2026-01-06,1904756,Ceylon Curry Leaves,Mobile caterer,,,,,,Bristol,AwaitingInspection,,FHRS,False,,,
2026-01-06,1904754,Kitty's Crepes,Mobile caterer,,,,,,Bristol,AwaitingInspection,,FHRS,False,,,
2026-01-06,1904753,Try It,Mobile caterer,Flat 15 Plimsoll House,Burton Close,Redcliff,Bristol,BS1 6RQ,Bristol,AwaitingInspection,,FHRS,False,51.44655,-2.5904502,"Flat 15 Plimsoll House, Burton Close, Redcliff, Bristol, BS1 6RQ"
2026-01-06,1904687,The Tattie Stop Trailer,Mobile caterer,The Tattie Stop Trailer,14 Galston Road,Hurlford,Kilmarnock,KA1 5HG,East Ayrshire,Awaiting Inspection,,FHIS,False,,,"The Tattie Stop Trailer, 14 Galston Road, Hurlford, Kilmarnock, KA1 5HG"
2026-01-06,1904688,The Tattie Stop Van,Mobile caterer,The Tattie Stop Van,14 Galston Road,Hurlford,Kilmarnock,KA1 5HG,East Ayrshire,Awaiting Inspection,,FHIS,False,,,"The Tattie Stop Van, 14 Galston Road, Hurlford, Kilmarnock, KA1 5HG"
2026-01-06,1904630,Cars & Coffee,Mobile caterer,,,,,,Arun,AwaitingInspection,,FHRS,False,,,
2026-01-06,1904665,Its all greek to me,Mobile caterer,,4,Market Place,London,SE16 3UQ,Southwark,AwaitingInspection,,FHRS,False,51.4926785,-0.0640236,"4, Market Place, London, SE16 3UQ"
2026-01-06,1904666,Mark my roots,Mobile caterer,Unit A To D Astbury Business Park,,Astbury Road,London,SE15 2NW,Southwark,AwaitingInspection,,FHRS,False,51.4755398,-0.0560375,"Unit A To D Astbury Business Park, Astbury Road, London, SE15 2NW"
2026-01-06,1904746,Spudette,Mobile caterer,64 Stockton Close,Hadleigh,IPSWICH,Suffolk,IP7 5SH,Babergh,AwaitingInspection,,FHRS,False,52.0383256,0.9657669,"64 Stockton Close, Hadleigh, IPSWICH, Suffolk, IP7 5SH"
2026-01-07,1904946,Street Eats,Mobile caterer,12 Manor Trading Estate,Armstrong Road,Manor Trading Estate,Benfleet,SS7 4PW,Castle Point,AwaitingInspection,,FHRS,False,51.5742724,0.563612,"12 Manor Trading Estate, Armstrong Road, Manor Trading Estate, Benfleet, SS7 4PW"
2026-01-07,1905004,Claire's Coffees,Mobile caterer,,,,,,Durham,5,2025-12-12,FHRS,False,,,
2026-01-07,1904910,Nais Coffee,Mobile caterer,,,,,,Vale of White Horse,AwaitingInspection,,FHRS,False,,,
2026-01-07,1905138,BCMW,Mobile caterer,Suite 101,Crown House,North Circular Road,Park Royal,NW10 7PN,Ealing,AwaitingInspection,,FHRS,False,51.5374467,-0.2843338,"Suite 101, Crown House, North Circular Road, Park Royal, NW10 7PN"
2026-01-07,1905141,Big T's & Boys,Mobile caterer,618 Greenford Road,Greenford,,,UB6 8QT,Ealing,AwaitingInspection,,FHRS,False,51.5317308,-0.3491546,"618 Greenford Road, Greenford, UB6 8QT"
2026-01-07,1905054,Protein Plug,Mobile caterer,,,,,,Sheffield,AwaitingInspection,,FHRS,False,,,
2026-01-07,1905074,Bang On Burgers,Mobile caterer,,,,,,Birmingham,AwaitingInspection,,FHRS,False,,,
2026-01-07,1715683,Button's Icecream,Mobile caterer,,,,,,St Albans City,5,2025-05-23,FHRS,False,,,
2026-01-07,1715964,The Barking Barista,Mobile caterer,,,,,,St Albans City,5,2023-05-25,FHRS,False,,,
2026-01-07,1905107,Global Kantina,Mobile caterer,,,,,,Leeds,AwaitingInspection,,FHRS,False,,,
2026-01-07,440859,Andrew Taylor Spink,Mobile caterer,DD112LX,,,,,Perth and Kinross,Pass,2021-05-11,FHIS,False,,,DD112LX
2026-01-07,1904896,Blairgowrie Farm Shop Ltd,Mobile caterer,PH10,,,,,Perth and Kinross,Pass,2021-05-07,FHIS,False,,,PH10
2026-01-07,1904895,M Stewart & Sons,Mobile caterer,KY10,,,,,Perth and Kinross,Pass,2022-03-21,FHIS,False,,,KY10
2026-01-07,1904901,Mr David Kirkwood,Mobile caterer,KY10,,,,,Perth and Kinross,Pass,2020-02-03,FHIS,False,,,KY10
2026-01-07,1904900,Mr Gaius E J Bowie,Mobile caterer,AB56,,,,,Perth and Kinross,Pass,2021-05-12,FHIS,False,,,AB56
2026-01-07,1904898,Mr Patrick Blanchard,Mobile caterer,AB44,,,,,Perth and Kinross,Improvement Required,2022-01-13,FHIS,False,,,AB44
2026-01-07,1904902,Mr Robert Stewart,Mobile caterer,KY10,,,,,Perth and Kinross,Pass,2021-05-12,FHIS,False,,,KY10
2026-01-07,1904897,Mr Stephan G Barstow,Mobile caterer,PH1,,,,,Perth and Kinross,Pass,2005-10-06,FHIS,False,,,PH1
2026-01-07,1904899,Mr William McDonald,Mobile caterer,AB56,,,,,Perth and Kinross,Pass,2021-05-11,FHIS,False,,,AB56
2026-01-07,1904903,Mrs Margaret Stewart,Mobile caterer,KY10,,,,,Perth and Kinross,Pass,2021-05-12,FHIS,False,,,KY10
2026-01-07,1904904,William Stephen (Bakers) Ltd,Mobile caterer,KY11,,,,,Perth and Kinross,Pass,2022-03-18,FHIS,False,,,KY11
2026-01-07,1844376,Yummy Berries,Mobile caterer,,Flat 16 247 High Road,,Romford,RM6 6AS,Barking and Dagenham,5,2025-12-30,FHRS,False,51.5730455,0.1425806,"Flat 16 247 High Road, Romford, RM6 6AS"
2026-01-07,1904947,Freebird Fried Chicken,Mobile caterer,,,,,,Wealden,5,2025-12-09,FHRS,False,,,
2026-01-08,1905252,Little Sicily,Mobile caterer,Unit 48,Hillgrove Business Park,Nazeing Road,Waltham Abbey,EN9 2HB,Epping Forest,AwaitingInspection,,FHRS,False,51.737193,0.0016492,"Unit 48, Hillgrove Business Park, Nazeing Road, Waltham Abbey, EN9 2HB"
2026-01-08,1905250,Skye's Burger and Fries,Mobile caterer,11 Shortlands Avenue,Ongar,Essex,,CM5 0BL,Epping Forest,AwaitingInspection,,FHRS,False,51.7169908,0.2390831,"11 Shortlands Avenue, Ongar, Essex, CM5 0BL"
2026-01-08,1905245,Tranquility Coffee,Mobile caterer,,,,,,South Derbyshire,5,2025-12-13,FHRS,False,,,
2026-01-08,1858989,Cody's Coffee Club,Mobile caterer,,,,,,Lancaster City,AwaitingInspection,,FHRS,False,,,
2026-01-08,1905261,1st Class Cuisine,Mobile caterer,63 Minden Close,Corby,,,NN18 9EP,North Northamptonshire,AwaitingInspection,,FHRS,False,52.4696413,-0.7385195,"63 Minden Close, Corby, NN18 9EP"
2026-01-08,1905263,Wills Tea And Coffee,Mobile caterer,,,,,,North Northamptonshire,AwaitingInspection,,FHRS,False,,,
2026-01-08,1905347,Bulls Burgers & Brews,Mobile caterer,,,,,,Mole Valley,AwaitingInspection,,FHRS,False,,,
2026-01-08,1905341,Fishers Food Ltd,Mobile caterer,unit 2-4 reigate road,buckland,,reigate,RH2 9RE,Mole Valley,AwaitingInspection,,FHRS,False,,,"unit 2-4 reigate road, buckland, reigate, RH2 9RE"
2026-01-08,1905353,Gamekeeper,Mobile caterer,Brook Willow Farm,Woodlands Road,,,KT22 0AN,Mole Valley,AwaitingInspection,,FHRS,False,51.3101259,-0.3540913,"Brook Willow Farm, Woodlands Road, KT22 0AN"
2026-01-08,1905354,Wefumo,Mobile caterer,,,,,,Mole Valley,AwaitingInspection,,FHRS,False,,,
2026-01-08,1905339,The Comfort Kitchen,Mobile caterer,,,,,,Blaby,AwaitingInspection,,FHRS,False,,,
2026-01-08,1422828,Circus Coffee,Mobile caterer,,,,,,Braintree,5,2021-11-09,FHRS,False,,,
2026-01-08,1905314,MC Dosa’s,Mobile caterer,119 GOSFORD STREET,,,COVENTRY,CV1 5DL,Coventry,AwaitingInspection,,FHRS,False,,,"119 GOSFORD STREET, COVENTRY, CV1 5DL"
2026-01-08,1905284,Dockyard Social (Food Truck),Mobile caterer,,105 Haugh Road,Glasgow,,G3 8TX,Glasgow City,Awaiting Inspection,2025-12-24,FHIS,False,55.86489,-4.2916657,"105 Haugh Road, Glasgow, G3 8TX"
2026-01-08,1905233,Jules Food Stop,Mobile caterer,Plumtree Farm Industrial Estate,Plumtree Road,Harworth,Nottinghamshire,,Bassetlaw,AwaitingInspection,,FHRS,False,53.4263976,-1.047749,"Plumtree Farm Industrial Estate, Plumtree Road, Harworth, Nottinghamshire"
2026-01-08,1905238,Hungry Horse Box,Mobile caterer,,,,,,Wakefield,AwaitingInspection,,FHRS,False,,,
2026-01-08,1905294,Really Awesome Coffee Exeter West,Mobile caterer,,,,,,Mid Devon,AwaitingInspection,,FHRS,False,,,
2026-01-08,1905298,Stoodleys Farm,Mobile caterer,Brindlewood Farm,Cheriton Bishop,Exeter,Devon,EX6 6NN,Mid Devon,AwaitingInspection,,FHRS,False,,,"Brindlewood Farm, Cheriton Bishop, Exeter, Devon, EX6 6NN"
2026-01-08,1905305,"Bean There, Done That",Mobile caterer,,,,,,Harlow,AwaitingInspection,,FHRS,False,,,
2026-01-08,1905302,Salt And Pepper Canteen,Mobile caterer,Mobile Trader,Harlow Town Administrative Area,Harlow,Essex,,Harlow,AwaitingInspection,,FHRS,False,,,"Mobile Trader, Harlow Town Administrative Area, Harlow, Essex"
2026-01-08,1905275,Blooms Brews and Bakes,Mobile caterer,,,,,,Bradford,AwaitingInspection,,FHRS,False,,,
2026-01-08,1905171,Miral Peri Peri,Mobile caterer,,Mobile Street Trader,,,,Aberdeenshire,Awaiting Inspection,2026-01-06,FHIS,False,,,Mobile Street Trader
2026-01-09,1905368,Toast And Melt,Mobile caterer,4 Stafford Place,Halifax,Calderdale,,HX3 0NU,Calderdale,AwaitingInspection,,FHRS,False,53.7081725,-1.8589382,"4 Stafford Place, Halifax, Calderdale, HX3 0NU"
2026-01-09,1905506,London,Mobile caterer,Lunar House,40 Wellesley Road,Croydon,,CR9 2BY,Croydon,AwaitingInspection,,FHRS,False,51.3780517,-0.098897,"Lunar House, 40 Wellesley Road, Croydon, CR9 2BY"
2026-01-09,1905500,Manna Made Catering,Mobile caterer,,,,,,Croydon,AwaitingInspection,,FHRS,False,,,
2026-01-09,1905367,Seconds By Max,Mobile caterer,,,,,,Stroud,AwaitingInspection,,FHRS,False,,,
2026-01-09,1905406,Flavorista,Mobile caterer,,,,,,Great Yarmouth,AwaitingInspection,,FHRS,False,,,
2026-01-09,1905379,Terrace Coffee Truck,Mobile caterer,Fenwick Ltd,101 Royal Victoria Place,Royal Tunbridge Wells,Kent,TN1 2SR,Tunbridge Wells,AwaitingInspection,,FHRS,False,51.135007,0.265719,"Fenwick Ltd, 101 Royal Victoria Place, Royal Tunbridge Wells, Kent, TN1 2SR"
2026-01-09,1905611,Smokey Dough Pizza Co,Mobile caterer,,,,,,Thurrock,AwaitingInspection,,FHRS,False,,,
2026-01-09,1905434,cee cee -coffee van,Mobile caterer,,,,,,Basildon,AwaitingInspection,,FHRS,False,,,
2026-01-09,1905437,Crepe Atelier,Mobile caterer,,,,,,Basildon,AwaitingInspection,,FHRS,False,,,
2026-01-09,1905435,High Range Reels Ltd,Mobile caterer,,,,,,Basildon,AwaitingInspection,,FHRS,False,,,
2026-01-09,1905397,Dr. Juice,Mobile caterer,,,,,,Newcastle Upon Tyne,AwaitingInspection,,FHRS,False,,,
2026-01-09,1905396,Green Buzz Matcha Bar,Mobile caterer,,,,,,Newcastle Upon Tyne,AwaitingInspection,,FHRS,False,,,
2026-01-09,1905398,Radhe Fast Food,Mobile caterer,47 West Road,,Newcastle Upon Tyne,,NE4 9PX,Newcastle Upon Tyne,AwaitingInspection,,FHRS,False,54.9760745,-1.6572305,"47 West Road, Newcastle Upon Tyne, NE4 9PX"
2026-01-09,1905479,McQueens Dairies,Mobile caterer,Mcqueens Dairies Limited,Willowholme Road,Carlisle,,CA2 5RT,Cumberland,AwaitingInspection,,FHRS,False,,,"Mcqueens Dairies Limited, Willowholme Road, Carlisle, CA2 5RT"
2026-01-10,1905775,The Pretty Event Cabin,Mobile caterer,,,,,,Dover,AwaitingInspection,,FHRS,False,,,
2026-01-10,1905744,Tilly The Travelling Tearoom - Home of The Wren's Nest,Mobile caterer,,,,,,South Cambridgeshire,AwaitingInspection,,FHRS,False,,,
2026-01-10,1905977,Fly Chicken LTD,Mobile caterer,,,,,,Barnet,AwaitingInspection,,FHRS,False,,,
2026-01-10,1905708,Slimming World,Mobile caterer,St Josephs Church,St Josephs Way,Jarrow,Tyne & Wear,NE32 4PJ,South Tyneside,AwaitingInspection,,FHRS,False,54.954833,-1.4864603,"St Josephs Church, St Josephs Way, Jarrow, Tyne & Wear, NE32 4PJ"
2026-01-10,1722646,Lew Di Crust Pizza,Mobile caterer,Mobile Vehicle Trading In Newport,South Wales,,,,Newport,5,2024-06-12,FHRS,False,,,"Mobile Vehicle Trading In Newport, South Wales"
2026-01-10,1905900,Crumble Bothy,Mobile caterer,The Pines,12b Cawdor Street,Nairn,,IV12 4QS,Highland,Awaiting Inspection,,FHIS,False,57.5816106,-3.8727231,"The Pines, 12b Cawdor Street, Nairn, IV12 4QS"
2026-01-10,1905891,Cupa Coffee,Mobile caterer,,Osmigarry,Kilmuir,Isle of Skye,IV51 9UE,Highland,Pass,2025-10-07,FHIS,False,,,"Osmigarry, Kilmuir, Isle of Skye, IV51 9UE"
2026-01-10,1905912,Gp shack,Mobile caterer,,22 Johnston Place,Inverness,Highland,IV2 4JH,Highland,Awaiting Inspection,,FHIS,False,57.4577721,-4.2138488,"22 Johnston Place, Inverness, Highland, IV2 4JH"
2026-01-10,1905910,Macones Ices - DF13 PYH - Macrust,Mobile caterer,,32 Loch Lann Crescent,Culloden,Inverness,IV2 7DU,Highland,Awaiting Inspection,,FHIS,False,57.4856212,-4.1408079,"32 Loch Lann Crescent, Culloden, Inverness, IV2 7DU"
2026-01-10,1905914,Ollies Pops,Mobile caterer,,Unit 3a1-3a2 Smithton Industrial Estate,Inverness,,IV2 7WL,Highland,Awaiting Inspection,,FHIS,False,,,"Unit 3a1-3a2 Smithton Industrial Estate, Inverness, IV2 7WL"
2026-01-10,1905892,The Icy,Mobile caterer,,1 Rowan Drive,Alness,,IV17 0WL,Highland,Awaiting Inspection,,FHIS,False,57.7021291,-4.2351247,"1 Rowan Drive, Alness, IV17 0WL"
2026-01-10,1905649,The Coffee Cart,Mobile caterer,,,76 Station Road,Belfast,BT4 1RF,Belfast City,AwaitingInspection,,FHRS,False,54.6087444,-5.8773133,"76 Station Road, Belfast, BT4 1RF"
2026-01-10,1842662,Single Street Bakery,Mobile caterer,,,,,,Bromley,AwaitingInspection,,FHRS,False,,,
2026-01-10,1905877,Site Snacks,Mobile caterer,,,,,,Bromley,AwaitingInspection,,FHRS,False,,,
2026-01-10,1905812,Artisan Coffee,Mobile caterer,,,,,,Isle of Wight,AwaitingInspection,,FHRS,False,,,
2026-01-10,1905754,Top Gyros,Mobile caterer,Exeter Road,Topsham,,,EX3 0LY,Exeter City,AwaitingInspection,,FHRS,False,,,"Exeter Road, Topsham, EX3 0LY"
2026-01-10,1905884,Drip   Dip,Mobile caterer,,,,,,Horsham,AwaitingInspection,,FHRS,False,,,
2026-01-10,1905886,Flour and Cinder,Mobile caterer,,,,,,Horsham,AwaitingInspection,,FHRS,False,,,
2026-01-10,1905963,Oishi Onigiri,Mobile caterer,,Flat 2 36 Walsingham Road London,Hackney,London,,Hackney,AwaitingInspection,,FHRS,False,51.5590657,-0.0609745,"Flat 2 36 Walsingham Road London, Hackney, London"
2026-01-10,1905693,Lilleys Cafe,Mobile caterer,,,,,,North Kesteven,AwaitingInspection,,FHRS,False,,,
2026-01-10,1905860,Eljay Catering,Mobile caterer,,,,,,Gosport,AwaitingInspection,,FHRS,False,,,
2026-01-10,1905707,Dog and Jacket,Mobile caterer,,,,,,Boston,AwaitingInspection,,FHRS,False,,,
2026-01-10,1722646,Lew Di Crust Pizza,Mobile caterer,Mobile Vehicle Trading In Newport,South Wales,,,,Casnewydd,5,2024-06-12,FHRS,False,,,"Mobile Vehicle Trading In Newport, South Wales"
2026-01-10,1905747,Kupacafika,Mobile caterer,,,,,,North East Derbyshire,AwaitingInspection,,FHRS,False,,,
2026-01-10,1905783,High Peak Catering,Mobile caterer,,,,,,Derbyshire Dales,AwaitingInspection,,FHRS,False,,,
2026-01-10,1905794,Roam Free Coffee Company,Mobile caterer,,,,,,Barnsley,AwaitingInspection,,FHRS,False,,,
2026-01-11,1906010,Bamboo Sushi - Gallions Reach,Mobile caterer,Public Display Area,Gallions Reach Shopping Park,3 Armada Way,Beckton,E6 7ER,Newham,AwaitingInspection,,FHRS,False,51.516977,0.080339,"Public Display Area, Gallions Reach Shopping Park, 3 Armada Way, Beckton, E6 7ER"
2026-01-11,1906006,Certified Grubz,Mobile caterer,,,,,,Newham,AwaitingInspection,,FHRS,False,,,
2026-01-11,1906003,Msthi Noodles,Mobile caterer,Public Display Area,Gallions Reach Shopping Park,3 Armada Way,Beckton,E6 7ER,Newham,AwaitingInspection,,FHRS,False,51.516977,0.080339,"Public Display Area, Gallions Reach Shopping Park, 3 Armada Way, Beckton, E6 7ER"
2026-01-11,1906012,P82,Mobile caterer,,,,,,Newham,AwaitingInspection,,FHRS,False,,,
2026-01-11,1906011,Rolling Product House Limited / RPH,Mobile caterer,,,,,,Newham,AwaitingInspection,,FHRS,False,,,
2026-01-13,1906077,Posh Nosh,Mobile caterer,12 Ewenny Road,,Bridgend,,CF31 3HP,Caerdydd,AwaitingInspection,,FHRS,False,51.5014477,-3.5764444,"12 Ewenny Road, Bridgend, CF31 3HP"
2026-01-13,1906261,Burger World,Mobile caterer,,,,,,Oxford City,AwaitingInspection,,FHRS,False,,,
2026-01-13,1906031,Sugar & Whisk Treats,Mobile caterer,Majco - Ready Steady Store,1 Horsley Road,Kingsthorpe Hollow,Northampton,NN2 6LJ,West Northamptonshire,AwaitingInspection,,FHRS,False,52.2523041,-0.90195436,"Majco - Ready Steady Store, 1 Horsley Road, Kingsthorpe Hollow, Northampton, NN2 6LJ"
2026-01-13,1497919,Dodge City Garden Nursery,Mobile caterer,Dodge City Yeovil Road,,Halstock,Dorset,BA22 9RR,Dorset,5,2025-12-09,FHRS,False,,,"Dodge City Yeovil Road, Halstock, Dorset, BA22 9RR"
2026-01-13,1906134,Flames and Feasts,Mobile caterer,Herringston Dairy,,Winterborne Herringston,Dorset,,Dorset,AwaitingInspection,,FHRS,False,,,"Herringston Dairy, Winterborne Herringston, Dorset"
2026-01-13,1906126,PAIISE,Mobile caterer,,,,,,Dorset,AwaitingInspection,,FHRS,False,,,
2026-01-13,1906077,Posh Nosh,Mobile caterer,12 Ewenny Road,,Bridgend,,CF31 3HP,Cardiff,AwaitingInspection,,FHRS,False,51.5014477,-3.5764444,"12 Ewenny Road, Bridgend, CF31 3HP"
2026-01-13,1906224,Cow Corner,Mobile caterer,The J W Budd Pavilion Bedminster Cricket Club,Clanage Road,Ashton,Bristol,BS3 2JX,Bristol,AwaitingInspection,,FHRS,False,,,"The J W Budd Pavilion Bedminster Cricket Club, Clanage Road, Ashton, Bristol, BS3 2JX"
2026-01-13,1906303,Spud Boat By Leut,Mobile caterer,,Lilybank Gardens,Glasgow,,,Glasgow City,Awaiting Inspection,2026-01-09,FHIS,False,55.87429612,-4.29205362,"Lilybank Gardens, Glasgow"
2026-01-13,1906163,Reuben's Events,Mobile caterer,Shop,Old Station House,Wilford Bridge Road,Melton,IP12 1LT,East Suffolk,AwaitingInspection,,FHRS,False,52.1044762,1.3384001,"Shop, Old Station House, Wilford Bridge Road, Melton, IP12 1LT"
2026-01-13,1906057,Manong's,Mobile caterer,Flat 6,Summerhill,79 Station Road,Redhill,RH1 1DL,Reigate and Banstead,AwaitingInspection,,FHRS,False,51.2406167,-0.1731068,"Flat 6, Summerhill, 79 Station Road, Redhill, RH1 1DL"
2026-01-13,1877277,An Kitchen,Mobile caterer,,,,,,Newham,5,2026-01-02,FHRS,False,,,
2026-01-13,1906048,Platdujour,Mobile caterer,,,,,,Broadland,AwaitingInspection,,FHRS,False,,,
2026-01-13,1906289,Civilizedandsavage Kitchen,Mobile caterer,,,,,,Nottingham City,AwaitingInspection,,FHRS,False,,,
2026-01-13,1906055,Bask & Brine,Mobile caterer,Storage Solutions Ltd,Remus Road,London,,E3 2NF,Tower Hamlets,AwaitingInspection,,FHRS,False,,,"Storage Solutions Ltd, Remus Road, London, E3 2NF"
2026-01-13,1906245,Bimca Sips,Mobile caterer,,,,,,North Yorkshire,AwaitingInspection,,FHRS,False,,,
2026-01-13,1906249,Fox Ice Cream Tug boat,Mobile caterer,Skipton Basin North of Belmont Bridge  Counting House Mews,,,Skipton,BD23 1RL,North Yorkshire,AwaitingInspection,,FHRS,False,,,"Skipton Basin North of Belmont Bridge  Counting House Mews, Skipton, BD23 1RL"
2026-01-13,1906098,Adventure Beans Ltd,Mobile caterer,,,,,,Scottish Borders,Pass,2026-01-08,FHIS,False,,,
2026-01-13,1906278,I Scream Taco,Mobile caterer,,,,,,South Gloucestershire,AwaitingInspection,,FHRS,False,,,
2026-01-14,1906313,LBM Ribble Valley Pizza Ltd,Mobile caterer,,,,,,Ribble Valley,AwaitingInspection,,FHRS,False,,,
2026-01-14,1906495,Park N Grill,Mobile caterer,87B North Street,Milton Regis,Sittingbourne,Kent,ME10 2HN,Swale,AwaitingInspection,,FHRS,False,51.354081,0.73703,"87B North Street, Milton Regis, Sittingbourne, Kent, ME10 2HN"
2026-01-14,1906609,Laura Jane Bakes,Mobile caterer,,,,,,Walsall,AwaitingInspection,,FHRS,False,,,
2026-01-14,1906616,Sweetheart Bakes,Mobile caterer,,,,,,Walsall,AwaitingInspection,,FHRS,False,,,
2026-01-14,1906610,TC Catering,Mobile caterer,,,,,,Walsall,AwaitingInspection,,FHRS,False,,,
2026-01-14,1906608,Wokd,Mobile caterer,,,,,,Walsall,AwaitingInspection,,FHRS,False,,,
2026-01-14,1906415,Taiga Burger Kitchen LTD,Mobile caterer,,,,,,Cherwell,5,2026-01-12,FHRS,False,,,
2026-01-14,1906414,Wondrously You LTD,Mobile caterer,,,,,,Cherwell,AwaitingInspection,,FHRS,False,,,
2026-01-14,1903848,Bus for Us,Mobile caterer,,Cramlington,Northumberland,,NE23 1DN,Northumberland,5,2025-12-15,FHRS,False,55.0866394042969,-1.58375692367554,"Cramlington, Northumberland, NE23 1DN"
2026-01-14,1906512,Prime Roast,Mobile caterer,,,,,,Staffordshire Moorlands,AwaitingInspection,,FHRS,False,,,
2026-01-14,1906520,DoleBags,Mobile caterer,Trinity Kitchen,401 Trinity Leeds,Albion Street,Leeds,,Leeds,AwaitingInspection,,FHRS,False,53.7970011,-1.5455078,"Trinity Kitchen, 401 Trinity Leeds, Albion Street, Leeds"
2026-01-14,1906521,Golden Crust Chicken,Mobile caterer,,,,,,Leeds,AwaitingInspection,,FHRS,False,,,
2026-01-14,1906403,Alicja Snacks,Mobile caterer,Street Record,Auld Bond Road,Perth,,PH1 3FX,Perth and Kinross,Pass,2024-01-12,FHIS,False,,,"Street Record, Auld Bond Road, Perth, PH1 3FX"
2026-01-14,1906402,Ryan Black,Mobile caterer,KY2,,,,,Perth and Kinross,Pass,2021-05-11,FHIS,False,,,KY2
2026-01-14,1906401,SL Trading,Mobile caterer,FK1,,,,,Perth and Kinross,Pass,2021-05-11,FHIS,False,,,FK1
2026-01-14,1906404,The Cotton Station,Mobile caterer,PH2,,,,,Perth and Kinross,Awaiting Inspection,2010-07-19,FHIS,False,,,PH2
2026-01-14,1901153,Aroha's,Mobile caterer,,,,,,Oadby and Wigston,AwaitingInspection,,FHRS,False,,,
2026-01-15,1896029,My Little Drinks Van,Mobile caterer,,,,,,Braintree,AwaitingInspection,,FHRS,False,,,
2026-01-15,1906636,Cane's Pizza Co.,Mobile caterer,,,,,,Ashford,AwaitingInspection,,FHRS,False,,,
2026-01-15,1906633,Piddaji (ashford),Mobile caterer,,,,,,Ashford,AwaitingInspection,,FHRS,False,,,
2026-01-15,1906644,Kooky Nohmad Go Ltd,Mobile caterer,42A High Street,,Royston,Hertfordshire,SG8 9AG,North Hertfordshire,AwaitingInspection,,FHRS,False,52.0468228,-0.0232309,"42A High Street, Royston, Hertfordshire, SG8 9AG"
2026-01-15,1906762,Cheeky Bites Bakery,Mobile caterer,,,,,,Bracknell Forest,AwaitingInspection,,FHRS,False,,,
2026-01-15,1906761,Station Grill,Mobile caterer,Market Inn Station Road,,Bracknell,Bracknell Forest,RG12 1HY,Bracknell Forest,AwaitingInspection,,FHRS,False,51.413539,-0.7515738,"Market Inn Station Road, Bracknell, Bracknell Forest, RG12 1HY"
2026-01-15,1906810,Best Friend Kebabs,Mobile caterer,,,,,,Manchester,AwaitingInspection,,FHRS,False,,,
2026-01-15,1906789,Blue Palm Coffee,Mobile caterer,BLUE PALM COFFEE TRAILER,1 SPINNINGFIELDS SQUARE,MANCHESTER,,M3 3AP,Manchester,AwaitingInspection,,FHRS,False,53.4797477,-2.2493938,"BLUE PALM COFFEE TRAILER, 1 SPINNINGFIELDS SQUARE, MANCHESTER, M3 3AP"
2026-01-15,1906945,Cheshire Boost,Mobile caterer,,,,,,Manchester,AwaitingInspection,,FHRS,False,,,
2026-01-15,1906823,DAD Catering,Mobile caterer,,,,,,Manchester,AwaitingInspection,,FHRS,False,,,
2026-01-15,1906841,Food factory barrier,Mobile caterer,,,,,,Manchester,AwaitingInspection,,FHRS,False,,,
2026-01-15,1906842,Greek,Mobile caterer,,,,,,Manchester,AwaitingInspection,,FHRS,False,,,
2026-01-15,1906865,Halloumination,Mobile caterer,ETIHAD STADIUM,ASHTON NEW ROAD,MANCHESTER,,M11 3FF,Manchester,AwaitingInspection,,FHRS,False,,,"ETIHAD STADIUM, ASHTON NEW ROAD, MANCHESTER, M11 3FF"
2026-01-15,1906986,Happy Hot Dog Street Food,Mobile caterer,,,,,,Manchester,AwaitingInspection,,FHRS,False,,,
2026-01-15,1906788,Hospital Iftars,Mobile caterer,,,,,,Manchester,AwaitingInspection,,FHRS,False,,,
2026-01-15,1906968,KUKU,Mobile caterer,,,,,,Manchester,AwaitingInspection,,FHRS,False,,,
2026-01-15,1906944,Manchester Street Food,Mobile caterer,,,,,,Manchester,AwaitingInspection,,FHRS,False,,,
2026-01-15,1906971,Mbdd Foods,Mobile caterer,,,,,,Manchester,AwaitingInspection,,FHRS,False,,,
2026-01-15,1906941,Oro & Jade,Mobile caterer,,,,,,Manchester,AwaitingInspection,,FHRS,False,,,
2026-01-15,1906987,Rave Kitchen,Mobile caterer,,,,,,Manchester,AwaitingInspection,,FHRS,False,,,
2026-01-15,1906892,SWEETCORN,Mobile caterer,,61 High Street,Manchester,,M4 1AZ,Manchester,AwaitingInspection,,FHRS,False,53.4838687,-2.2391957,"61 High Street, Manchester, M4 1AZ"
2026-01-15,1906812,SweVen,Mobile caterer,,,,,,Manchester,AwaitingInspection,,FHRS,False,,,
2026-01-15,1906870,The Curling Club also T/as Joji,Mobile caterer,,,,,,Manchester,AwaitingInspection,,FHRS,False,,,
2026-01-15,1822060,Tib & Co,Mobile caterer,,,,,,Manchester,AwaitingInspection,,FHRS,False,,,
2026-01-15,1906802,Waffle Stix Manchester Ltd,Mobile caterer,,82 DEAN LANE,MANCHESTER,,M40 3AE,Manchester,AwaitingInspection,,FHRS,False,53.5050956,-2.1847877,"82 DEAN LANE, MANCHESTER, M40 3AE"
2026-01-15,1906786,ZHA,Mobile caterer,,,,,,Manchester,AwaitingInspection,,FHRS,False,,,
2026-01-15,1906902,Zhonghuaxiaochushen,Mobile caterer,,,,,,Manchester,AwaitingInspection,,FHRS,False,,,
2026-01-15,1907186,Taste of The Gambia,Mobile caterer,,,,,,Sandwell,AwaitingInspection,,FHRS,False,,,
2026-01-15,1906744,Atkins Kendall Catering,Mobile caterer,27 Fernhurst Close,,Hayling Island,,PO11 0DT,Havant,AwaitingInspection,,FHRS,False,50.7895694,-0.9937604,"27 Fernhurst Close, Hayling Island, PO11 0DT"
2026-01-15,1907166,PRIMEAFROFOODS LIMITED,Mobile caterer,,,,,,Coventry,AwaitingInspection,,FHRS,False,,,
2026-01-15,1907082,Best Spuddies,Mobile caterer,,,,,,Lichfield,AwaitingInspection,,FHRS,False,,,
2026-01-15,1907076,Nourished Soul's Catering By Karle,Mobile caterer,,,,,,Lichfield,AwaitingInspection,,FHRS,False,,,
2026-01-15,1906736,Kapé Loach,Mobile caterer,24 Railway Road,,Coleraine,,BT52 1PE,Causeway Coast and Glens,5,2026-01-08,FHRS,False,55.1328522,-6.6654241,"24 Railway Road, Coleraine, BT52 1PE"
2026-01-15,1907045,Levants Dairy,Mobile caterer,Carlisle Business Centre,Carlisle Road,Bradford,,BD8 8BD,Bradford,AwaitingInspection,,FHRS,False,53.805991,-1.771297,"Carlisle Business Centre, Carlisle Road, Bradford, BD8 8BD"
2026-01-15,1906756,Foodilicious,Mobile caterer,,,,,,West Berkshire,AwaitingInspection,,FHRS,False,,,
2026-01-15,1907089,Ingvild's Norwegian Waffles,Mobile caterer,,,,,,West Oxfordshire,AwaitingInspection,,FHRS,False,,,
2026-01-15,1907097,Authentic Jollof Pot,Mobile caterer,,,,,,Dudley,AwaitingInspection,,FHRS,False,,,
2026-01-15,1907101,Sole Trader ? Mobile Hot & Cold Drinks Vendor,Mobile caterer,,,,,,Dudley,AwaitingInspection,,FHRS,False,,,
2026-01-15,1907102,TRE AMICI PIZZA,Mobile caterer,,,,,,Dudley,AwaitingInspection,,FHRS,False,,,
2026-01-15,1906681,Sees A Slice,Mobile caterer,,Mobile Street Trader,,,,Aberdeenshire,Awaiting Inspection,2026-01-13,FHIS,False,,,Mobile Street Trader
2026-01-15,1906679,Simpsons Tearoom,Mobile caterer,,Mobile Street Trader,,,,Aberdeenshire,Awaiting Inspection,2026-01-13,FHIS,False,,,Mobile Street Trader
2026-01-15,1906680,Taste Of Asia,Mobile caterer,,Mobile Street Trader,,,,Aberdeenshire,Awaiting Inspection,2026-01-13,FHIS,False,,,Mobile Street Trader
2026-01-16,1907267,Ty Egoes,Mobile caterer,,,,Powys,SY20,Powys,AwaitingInspection,,FHRS,False,52.59130226,-3.85181365,"Powys, SY20"
2026-01-16,1907361,Flavas street food kitchen,Mobile caterer,Cardiff Self Storage Wentloog Corporate Industrial Park Wentloog Road,Rumney,Cardiff,,CF3 2ER,Caerdydd,AwaitingInspection,,FHRS,False,51.5089573,-3.0973624,"Cardiff Self Storage Wentloog Corporate Industrial Park Wentloog Road, Rumney, Cardiff, CF3 2ER"
2026-01-16,1907220,Flux Coffee House,Mobile caterer,,,,,,Chelmsford,AwaitingInspection,,FHRS,False,,,
2026-01-16,1907739,Curry King,Mobile caterer,,,,,,Croydon,AwaitingInspection,,FHRS,False,,,
2026-01-16,1905550,The Rolling spud,Mobile caterer,,,,,,East Devon,AwaitingInspection,,FHRS,False,,,
2026-01-16,1907254,GINGER CATERING,Mobile caterer,,,,,,New Forest,AwaitingInspection,,FHRS,False,,,
2026-01-16,1907361,Flavas street food kitchen,Mobile caterer,Cardiff Self Storage Wentloog Corporate Industrial Park Wentloog Road,Rumney,Cardiff,,CF3 2ER,Cardiff,AwaitingInspection,,FHRS,False,51.5089573,-3.0973624,"Cardiff Self Storage Wentloog Corporate Industrial Park Wentloog Road, Rumney, Cardiff, CF3 2ER"
2026-01-16,1907581,KN events,Mobile caterer,,,,,,Somerset,AwaitingInspection,,FHRS,False,,,
2026-01-16,1907578,Scrumpy Munchies,Mobile caterer,Unit 7,Adlams Central Park,Wirral Park Road,Glastonbury,BA6 9XE,Somerset,AwaitingInspection,,FHRS,False,51.1419361,-2.7306179,"Unit 7, Adlams Central Park, Wirral Park Road, Glastonbury, BA6 9XE"
2026-01-16,1131495,Deb's Diner Taste Sensation,Mobile caterer,,,,,,Coventry,5,2025-12-19,FHRS,False,,,
2026-01-16,1907604,The Yard Grill,Mobile caterer,,,,,,Slough,AwaitingInspection,,FHRS,False,,,
2026-01-16,1907664,Lotus & Rice,Mobile caterer,,,,,,York,AwaitingInspection,,FHRS,False,,,
2026-01-16,1907194,Chunky's Truck,Mobile caterer,,128 Wokingham Road,Reading,,RG6 1JL,Reading,AwaitingInspection,,FHRS,False,51.4504,-0.940072,"128 Wokingham Road, Reading, RG6 1JL"
2026-01-16,1907205,Flava Fusionn,Mobile caterer,,27 Margaret Close,Reading,,RG2 8PU,Reading,5,2025-12-10,FHRS,False,51.4168313,-0.9608624,"27 Margaret Close, Reading, RG2 8PU"
2026-01-16,1907201,Mitho Mood,Mobile caterer,,55 Chester Street,Reading,,RG30 1LL,Reading,AwaitingInspection,,FHRS,False,51.4594013,-1.0003718,"55 Chester Street, Reading, RG30 1LL"
2026-01-16,1907268,Dips Mart,Mobile caterer,,,,,,Basingstoke and Deane,AwaitingInspection,,FHRS,False,,,
2026-01-16,1907270,Fuelab,Mobile caterer,Street Record,Chineham Shopping Centre,Chineham,Hampshire,,Basingstoke and Deane,AwaitingInspection,,FHRS,False,,,"Street Record, Chineham Shopping Centre, Chineham, Hampshire"
2026-01-16,1864810,The Black Box,Mobile caterer,Street Record,Bell Road,Basingstoke,Hampshire,,Basingstoke and Deane,5,2025-11-19,FHRS,False,51.2729103360925,-1.06851074159104,"Street Record, Bell Road, Basingstoke, Hampshire"
2026-01-16,1907352,Joe's Kitchen,Mobile caterer,,Tattenhoe Park,Vistry Building Site,Milton Keynes,MK4 4PW,Milton Keynes,AwaitingInspection,,FHRS,False,,,"Tattenhoe Park, Vistry Building Site, Milton Keynes, MK4 4PW"
2026-01-16,1907330,Liquid Berry,Mobile caterer,Midsummer Place,Midsummer Place,Central Milton Keynes,Milton Keynes,MK9 3GB,Milton Keynes,AwaitingInspection,,FHRS,False,,,"Midsummer Place, Midsummer Place, Central Milton Keynes, Milton Keynes, MK9 3GB"
2026-01-16,1907345,Munch on Wheels,Mobile caterer,,,,,,Milton Keynes,AwaitingInspection,,FHRS,False,,,
2026-01-16,1907328,The Artivan Cafe,Mobile caterer,,,,,,Milton Keynes,AwaitingInspection,,FHRS,False,,,
2026-01-16,1907671,Nally's Jamaican Jerk & Grill c/o The Shire Grill,Mobile caterer,Grist Mill,Chesterton Drive,,Leamington Spa,CV31 1YJ,Warwick,5,2025-10-08,FHRS,False,52.276574,-1.510906,"Grist Mill, Chesterton Drive, Leamington Spa, CV31 1YJ"
2026-01-16,1907689,MARMAR?S KEBAB,Mobile caterer,,,,,,Wiltshire,AwaitingInspection,,FHRS,False,,,
2026-01-16,1907278,Coffee Dream,Mobile caterer,,,,,,Sir y Fflint,AwaitingInspection,,FHRS,False,,,
2026-01-16,1907281,Smash&Dough ToGo,Mobile caterer,Smash&Dough ToGo,Hawarden Road,Hope,Flintshire,LL12 9NF,Sir y Fflint,AwaitingInspection,,FHRS,False,,,"Smash&Dough ToGo, Hawarden Road, Hope, Flintshire, LL12 9NF"
2026-01-16,1907280,Spitting Pig North Wales,Mobile caterer,,,,,,Sir y Fflint,AwaitingInspection,,FHRS,False,,,
2026-01-16,588294,Green Gannet Food Co Ltd,Mobile caterer,Mobile,Various Locations,Trading in West Lothian,,EH54 6FF,West Lothian,Awaiting Inspection,2026-01-05,FHIS,False,55.88695,-3.516103,"Mobile, Various Locations, Trading in West Lothian, EH54 6FF"
2026-01-16,1318149,25 Fashoda Road,Mobile caterer,,,,,,Birmingham,5,2020-03-04,FHRS,False,,,
2026-01-16,1907640,Bossman food ltd,Mobile caterer,4 Richmond Road,Soho,Birmingham,,B18 5NH,Birmingham,AwaitingInspection,,FHRS,False,52.4985591,-1.9195382,"4 Richmond Road, Soho, Birmingham, B18 5NH"
2026-01-16,1907655,Q E Fruits,Mobile caterer,Queen Elizabeth Hospital,Mindelsohn Way,Birmingham,,B15 2GW,Birmingham,AwaitingInspection,,FHRS,False,52.453317,-1.938519,"Queen Elizabeth Hospital, Mindelsohn Way, Birmingham, B15 2GW"
2026-01-16,1907634,The Snack Shack/The Floating Gift Shop,Mobile caterer,King Edwards Road,Ladywood,Birmingham,,B1 2AA,Birmingham,AwaitingInspection,,FHRS,False,,,"King Edwards Road, Ladywood, Birmingham, B1 2AA"
2026-01-16,1907259,AquaEssential Beverages Ltd,Mobile caterer,,,,,,North Somerset,AwaitingInspection,,FHRS,False,,,
2026-01-16,1907260,Steve's Ices,Mobile caterer,,,,,,North Somerset,AwaitingInspection,,FHRS,False,,,
2026-01-16,1907308,Hot Street Soup,Mobile caterer,,,,,,Leeds,AwaitingInspection,,FHRS,False,,,
2026-01-16,1646431,J's SoulFood,Mobile caterer,,427 High Street,Lincoln,Lincolnshire,LN5 8HZ,Lincoln City,AwaitingInspection,,FHRS,False,53.2188152,-0.5449326,"427 High Street, Lincoln, Lincolnshire, LN5 8HZ"
2026-01-16,1907267,Ty Egoes,Mobile caterer,,,,Powys,SY20,Powys,AwaitingInspection,,FHRS,False,52.59130226,-3.85181365,"Powys, SY20"
2026-01-16,1907278,Coffee Dream,Mobile caterer,,,,,,Flintshire,AwaitingInspection,,FHRS,False,,,
2026-01-16,1907281,Smash&Dough ToGo,Mobile caterer,Smash&Dough ToGo,Hawarden Road,Hope,Flintshire,LL12 9NF,Flintshire,AwaitingInspection,,FHRS,False,,,"Smash&Dough ToGo, Hawarden Road, Hope, Flintshire, LL12 9NF"
2026-01-16,1907280,Spitting Pig North Wales,Mobile caterer,,,,,,Flintshire,AwaitingInspection,,FHRS,False,,,
2026-01-16,1660196,64 Cantley Manor Avenue,Mobile caterer,,,,,,Doncaster,AwaitingInspection,,FHRS,False,,,
2026-01-16,1907434,Burger Van (Sarah's),Mobile caterer,,,,,,Doncaster,5,2025-07-07,FHRS,False,,,
2026-01-16,1907375,Delicious Donuts 2,Mobile caterer,,,,,,Doncaster,AwaitingInspection,,FHRS,False,,,
2026-01-16,1907473,Dog House Gazebo,Mobile caterer,,,,,,Doncaster,5,2024-06-06,FHRS,False,,,
2026-01-16,1641770,Fairholme,Mobile caterer,,,,,,Doncaster,AwaitingInspection,,FHRS,False,,,
2026-01-16,1907418,German Swing Grill 1,Mobile caterer,,,,,,Doncaster,5,2024-02-16,FHRS,False,,,
2026-01-16,1907417,German Swing Grill 2,Mobile caterer,,,,,,Doncaster,5,2024-02-16,FHRS,False,,,
2026-01-16,1907472,Hayes Catering - Flaming Tasy 2,Mobile caterer,The Fairways Haggs Wood,Stainforth,Doncaster,,DN7 5PS,Doncaster,5,2024-06-06,FHRS,False,53.5903165,-1.0311926,"The Fairways Haggs Wood, Stainforth, Doncaster, DN7 5PS"
2026-01-16,1907435,J & J Catering,Mobile caterer,,,,,,Doncaster,5,2025-07-07,FHRS,False,,,
2026-01-16,1892063,Just Baked,Mobile caterer,The Styrrup Stripe Road,Rossington,Doncaster,,DN11 0XY,Doncaster,4,2025-11-06,FHRS,False,53.478456,-1.0621656,"The Styrrup Stripe Road, Rossington, Doncaster, DN11 0XY"
2026-01-16,1907426,Kim's Kitchen,Mobile caterer,Bawtry Paintball Doncaster Road,Bawtry,Doncaster,,DN10 6NF,Doncaster,5,2025-10-06,FHRS,False,53.4560089,-1.037058,"Bawtry Paintball Doncaster Road, Bawtry, Doncaster, DN10 6NF"
2026-01-16,1907511,MKK Lion Taste Of Africa,Mobile caterer,,,,,,Doncaster,AwaitingInspection,,FHRS,False,,,
2026-01-16,1907415,PICK AND MIX 1,Mobile caterer,,,,,,Doncaster,5,2024-02-16,FHRS,False,,,
2026-01-16,1907516,RR Amusements,Mobile caterer,,,,,,Doncaster,AwaitingInspection,,FHRS,False,,,
2026-01-16,368340,Sheppard's Fresh Fish,Mobile caterer,,,,,,Doncaster,AwaitingInspection,,FHRS,False,,,
2026-01-16,1907442,Street Food,Mobile caterer,,,,,,Doncaster,5,2025-08-01,FHRS,False,,,
2026-01-16,1907405,Sweet Treats,Mobile caterer,,,,,,Doncaster,5,2025-11-10,FHRS,False,,,
2026-01-16,1907404,Three Sisters,Mobile caterer,,,,,,Doncaster,AwaitingInspection,,FHRS,False,,,
2026-01-16,1907470,Truly Scrumptious 2,Mobile caterer,15 Harrys Fair Acres Mosscroft Lane,Hatfield,Doncaster,,DN7 6PT,Doncaster,5,2025-05-08,FHRS,False,53.5679251,-0.992648,"15 Harrys Fair Acres Mosscroft Lane, Hatfield, Doncaster, DN7 6PT"
2026-01-16,1907622,Food In A Box,Mobile caterer,,,,,,Stockport,AwaitingInspection,,FHRS,False,,,
2026-01-16,1907629,M.Sweet Bakery,Mobile caterer,,,,,,Stockport,AwaitingInspection,,FHRS,False,,,
2026-01-17,1908244,Just Flat Whites,Mobile caterer,,,,,,Hart,AwaitingInspection,,FHRS,False,,,
2026-01-17,1908044,All About Greens,Mobile caterer,,,,,,Cheshire West and Chester,AwaitingInspection,,FHRS,False,,,
2026-01-17,1908040,Levels Bar,Mobile caterer,,,,,,Cheshire West and Chester,AwaitingInspection,,FHRS,False,,,
2026-01-17,1908031,Pizza Vesuvio,Mobile caterer,,,,,,Cheshire West and Chester,AwaitingInspection,,FHRS,False,,,
2026-01-17,1908042,Urban Tricycles,Mobile caterer,Chowley Six Chowley Oak Business Park Chowley Oak Lane,Chowley,Chester,Cheshire,CH3 9EX,Cheshire West and Chester,AwaitingInspection,,FHRS,False,53.1016189,-2.7827517,"Chowley Six Chowley Oak Business Park Chowley Oak Lane, Chowley, Chester, Cheshire, CH3 9EX"
2026-01-17,1908115,AJ's Foods,Mobile caterer,,,,,,Wigan,AwaitingInspection,,FHRS,False,,,
2026-01-17,1158288,BBurger,Mobile caterer,,,,,,Wigan,AwaitingInspection,,FHRS,False,,,
2026-01-17,1908114,Patz Deli,Mobile caterer,,,,,,Wigan,AwaitingInspection,,FHRS,False,,,
2026-01-17,1908113,The Sweet Fig,Mobile caterer,,,,,,Wigan,AwaitingInspection,,FHRS,False,,,
2026-01-17,1908196,Mizay Whip,Mobile caterer,,,,,,Swansea,AwaitingInspection,,FHRS,False,,,
2026-01-17,1597037,Easy-Bao,Mobile caterer,,,,,,Three Rivers,AwaitingInspection,,FHRS,False,,,
2026-01-17,1907826,Expression Bar,Mobile caterer,,,,,,Three Rivers,AwaitingInspection,,FHRS,False,,,
2026-01-17,1907755,The Little Cocoa Shed,Mobile caterer,,,,,,Torbay,Exempt,,FHRS,False,,,
2026-01-17,1907873,Golden Coral,Mobile caterer,This food business operator trades from a private address registered with North Lanarkshire Council,,,,,North Lanarkshire,Pass,2025-11-04,FHIS,False,,,This food business operator trades from a private address registered with North Lanarkshire Council
2026-01-17,1907872,Munro & Co,Mobile caterer,This food business operator trades from a private address registered with North Lanarkshire Council,,,,,North Lanarkshire,Awaiting Inspection,,FHIS,False,,,This food business operator trades from a private address registered with North Lanarkshire Council
2026-01-17,1908311,Uncle G,Mobile caterer,,,,,,Charnwood,AwaitingInspection,,FHRS,False,,,
2026-01-17,1907819,Belle’s Coffee,Mobile caterer,,,,,,Greenwich,AwaitingInspection,,FHRS,False,,,
2026-01-17,1907956,Angel Wings Bar & Grill,Mobile caterer,,,,,,South Norfolk,AwaitingInspection,,FHRS,False,,,
2026-01-17,1907771,Gourmazin,Mobile caterer,,,,,,North Kesteven,AwaitingInspection,,FHRS,False,,,
2026-01-17,1907874,Creatisan,Mobile caterer,,,,,,Harborough,5,2026-01-12,FHRS,False,,,
2026-01-17,1908142,Nannas Sweet Treats,Mobile caterer,,,,,,Gosport,AwaitingInspection,,FHRS,False,,,
2026-01-17,1874081,Liskeard Looe Rugby Football,Mobile caterer,Liskeard And Looe RFC,Lux Park Leisure Centre,Coldstyle Road,Liskeard,PL14 3HZ,Cornwall,5,2026-01-12,FHRS,False,50.4609879,-4.4616809,"Liskeard And Looe RFC, Lux Park Leisure Centre, Coldstyle Road, Liskeard, PL14 3HZ"
2026-01-17,1908095,Soft Whippy,Mobile caterer,416 Westdale Lane West,Mapperley,Nottinghamshire,,NG3 6DG,Gedling,AwaitingInspection,,FHRS,False,52.985084,-1.117346,"416 Westdale Lane West, Mapperley, Nottinghamshire, NG3 6DG"
2026-01-17,1908018,Fox Tree Coffee and Bar,Mobile caterer,,,,,,Lewes,AwaitingInspection,,FHRS,False,,,
2026-01-17,1908020,INDULGENT ICE CREAMS,Mobile caterer,,,,,,Lewes,AwaitingInspection,,FHRS,False,,,
2026-01-17,1908288,Jamieson Kemp Ltd,Mobile caterer,,,,,,Buckinghamshire,AwaitingInspection,,FHRS,False,,,
2026-01-17,1908291,Palace On Wheels,Mobile caterer,Gerrards Cross Delivery Office,2 Marsham Way,Gerrards Cross,Buckinghamshire,SL9 8GX,Buckinghamshire,AwaitingInspection,,FHRS,False,51.587111,-0.5540025,"Gerrards Cross Delivery Office, 2 Marsham Way, Gerrards Cross, Buckinghamshire, SL9 8GX"
2026-01-17,1908292,Peckish Wings,Mobile caterer,,,,,,Buckinghamshire,AwaitingInspection,,FHRS,False,,,
2026-01-17,1908281,Pha Thai Ltd,Mobile caterer,,,,,,Buckinghamshire,AwaitingInspection,,FHRS,False,,,
2026-01-17,1908297,The Dark Storm Goodies,Mobile caterer,,,,,,Buckinghamshire,AwaitingInspection,,FHRS,False,,,
2026-01-17,1812411,The Paddock,Mobile caterer,,,,,,Northumberland,AwaitingInspection,,FHRS,False,,,
2026-01-17,1615589,Dairy Creations,Mobile caterer,,,,,,Rother,5,2023-02-22,FHRS,False,,,
2026-01-17,1908328,Western Delight,Mobile caterer,1 Havelock Street,,Blackburn,Blackburn With Darwen,BB2 2QA,Blackburn,AwaitingInspection,,FHRS,False,53.7375612,-2.4964064,"1 Havelock Street, Blackburn, Blackburn With Darwen, BB2 2QA"
2026-01-17,1908165,Eddies Spuds,Mobile caterer,,,,,,Fareham,AwaitingInspection,,FHRS,False,,,
2026-01-17,1907961,Bellawoo,Mobile caterer,Mayton Farm,Mayton Road,Buxton,Norfolk,NR12 7JX,Broadland,AwaitingInspection,,FHRS,False,52.7463996,1.3350166,"Mayton Farm, Mayton Road, Buxton, Norfolk, NR12 7JX"
2026-01-17,1907963,Social Bites,Mobile caterer,4 Basey Road,Rackheath,Norfolk,,NR13 6PZ,Broadland,AwaitingInspection,,FHRS,False,52.6753648,1.3738124,"4 Basey Road, Rackheath, Norfolk, NR13 6PZ"
2026-01-17,1908196,Mizay Whip,Mobile caterer,,,,,,Abertawe,AwaitingInspection,,FHRS,False,,,
2026-01-17,1907968,Frankie's at Tasty Treats,Mobile caterer,460 Margate Road,Broadstairs,Kent,,CT10 2PR,Thanet,5,2026-01-12,FHRS,False,51.36262,1.395258,"460 Margate Road, Broadstairs, Kent, CT10 2PR"
2026-01-17,1883900,Just.Meat,Mobile caterer,,,,,,Thanet,AwaitingInspection,,FHRS,False,,,
2026-01-17,1908238,Cozy Goldie,Mobile caterer,,,,,,Havering,AwaitingInspection,,FHRS,False,,,
2026-01-17,1908231,Green Soule,Mobile caterer,,,,,,Havering,AwaitingInspection,,FHRS,False,,,
2026-01-17,1908236,House of Spice,Mobile caterer,,,,,,Havering,AwaitingInspection,,FHRS,False,,,
2026-01-17,1908225,Just Smoked Co Ltd,Mobile caterer,,,,,,Havering,AwaitingInspection,,FHRS,False,,,
2026-01-17,1908121,The Olive Stable,Mobile caterer,,,,,,Teignbridge,AwaitingInspection,,FHRS,False,,,
2026-01-17,1908162,Black Betty Coffee Co.,Mobile caterer,Mansanas,Cheveney Farm,Vicarage Road,Yalding,ME18 6DY,Maidstone,AwaitingInspection,,FHRS,False,51.2222162,0.4453775,"Mansanas, Cheveney Farm, Vicarage Road, Yalding, ME18 6DY"
2026-01-17,1908333,Little Slice,Mobile caterer,,,,,,Mid and East Antrim,AwaitingInspection,,FHRS,False,,,
2026-01-17,1908166,ZeCafe,Mobile caterer,,,,,,Barnsley,AwaitingInspection,,FHRS,False,,,
2026-01-17,1908100,Fusion Treats,Mobile caterer,245-249 Linthorpe Road,Middlesbrough,,,TS1 4AU,Middlesbrough,5,2026-01-14,FHRS,False,54.5707377,-1.2390585,"245-249 Linthorpe Road, Middlesbrough, TS1 4AU"
2026-01-20,1908417,Falafel Baby,Mobile caterer,,,,,,Caerdydd,AwaitingInspection,,FHRS,False,,,
2026-01-20,1908512,The Grub Hub,Mobile caterer,,,,,,Bromley,AwaitingInspection,,FHRS,False,,,
2026-01-20,1673328,Street foodz,Mobile caterer,,,,,,Eastleigh,5,2024-04-30,FHRS,False,,,
2026-01-20,1908417,Falafel Baby,Mobile caterer,,,,,,Cardiff,AwaitingInspection,,FHRS,False,,,
2026-01-20,1908582,Cafe2u North Bristol Dan,Mobile caterer,,,,,,Bristol,AwaitingInspection,,FHRS,False,,,
2026-01-20,1908584,Tacolicious,Mobile caterer,,38 Chewton Close,Speedwell,Bristol,BS16 3SR,Bristol,AwaitingInspection,,FHRS,False,51.4751411,-2.5228288,"38 Chewton Close, Speedwell, Bristol, BS16 3SR"
2026-01-20,1908587,The Bristol Baking Lady,Mobile caterer,,4 Lasbury Grove,Hartcliffe,Bristol,BS13 0BA,Bristol,AwaitingInspection,,FHRS,False,51.4108289,-2.6005567,"4 Lasbury Grove, Hartcliffe, Bristol, BS13 0BA"
2026-01-20,1908598,The Magic Mushroom,Mobile caterer,Thimble Farm,Sturt Green,Holyport,Maidenhead,SL6 2JH,Windsor and Maidenhead,AwaitingInspection,,FHRS,False,51.4921297,-0.7341637,"Thimble Farm, Sturt Green, Holyport, Maidenhead, SL6 2JH"
2026-01-20,1908572,Thanos Works,Mobile caterer,Room 11,35 Tunis Road,London,,W12 7EZ,Hammersmith and Fulham,AwaitingInspection,,FHRS,False,51.5075826,-0.2292561,"Room 11, 35 Tunis Road, London, W12 7EZ"
2026-01-20,1908651,The Cobfather Mobile Catering,Mobile caterer,,,,,,Derby City,AwaitingInspection,,FHRS,False,,,
2026-01-20,1908637,The Dog and Bee Coffee Trailer,Mobile caterer,,,,,,Derby City,AwaitingInspection,,FHRS,False,,,
2026-01-20,1908464,TGR Bites,Mobile caterer,,,,,,East Suffolk,AwaitingInspection,,FHRS,False,,,
2026-01-20,1908463,Top Dogs,Mobile caterer,,,,,,East Suffolk,AwaitingInspection,,FHRS,False,,,
2026-01-20,1908486,Dough Monster,Mobile caterer,,,,,,Tonbridge and Malling,AwaitingInspection,,FHRS,False,,,
2026-01-20,1908484,What You Want,Mobile caterer,,,,,,Tonbridge and Malling,AwaitingInspection,,FHRS,False,,,
2026-01-20,1908499,Rush Hour Roasts,Mobile caterer,,,,,,Thurrock,AwaitingInspection,,FHRS,False,,,
2026-01-20,1908609,Good Work Bakery,Mobile caterer,,,,,,Stratford-on-Avon,AwaitingInspection,,FHRS,False,,,
2026-01-20,1908370,Mr T Chambers Village Foods,Mobile caterer,Stallage And Tolls,Market Hill,SUDBURY,Suffolk,CO10 2EN,Mid Suffolk,5,2026-01-15,FHRS,False,52.038232,0.730665,"Stallage And Tolls, Market Hill, SUDBURY, Suffolk, CO10 2EN"
2026-01-20,1908369,Portman Event Catering,Mobile caterer,Xcel Entertainment Complex,Station Road East,STOWMARKET,Suffolk,IP14 1RQ,Mid Suffolk,AwaitingInspection,,FHRS,False,52.189718,0.999436,"Xcel Entertainment Complex, Station Road East, STOWMARKET, Suffolk, IP14 1RQ"
2026-01-20,1908365,Poff It Like It's Hot,Mobile caterer,,,,,,Stafford,AwaitingInspection,,FHRS,False,,,
2026-01-20,1295454,Skool Bus Catering And Events,Mobile caterer,,,,,,Brighton and Hove,5,2021-10-18,FHRS,False,,,
2026-01-20,1908362,Mr T Chambers Village Foods,Mobile caterer,Stallage And Tolls,Market Hill,SUDBURY,Suffolk,CO10 2EN,Babergh,5,2026-01-15,FHRS,False,52.038232,0.730665,"Stallage And Tolls, Market Hill, SUDBURY, Suffolk, CO10 2EN"
2026-01-20,1908356,Slingers,Mobile caterer,South House,Bells Lane,Glemsford,SUDBURY,CO10 7QA,Babergh,AwaitingInspection,,FHRS,False,52.103054,0.6730606,"South House, Bells Lane, Glemsford, SUDBURY, CO10 7QA"
2026-01-20,1664417,Glen's Catering,Mobile caterer,,,,,,Nuneaton and Bedworth,5,2025-10-20,FHRS,False,,,
2026-01-20,1908434,Spudz Mash n Dash,Mobile caterer,,,,,,Nuneaton and Bedworth,AwaitingInspection,,FHRS,False,,,
2026-01-20,1908550,Not Furlong mobile bar,Mobile caterer,,,,,,North Yorkshire,AwaitingInspection,,FHRS,False,,,
2026-01-20,1908545,Wild Berry Café,Mobile caterer,Inman Grove,,,Knaresborough,HG5 0PJ,North Yorkshire,AwaitingInspection,,FHRS,False,54.01735644,-1.4627292,"Inman Grove, Knaresborough, HG5 0PJ"
2026-01-20,1908477,ICE AND DEC EVENT ICE CREAM (TRAILER),Mobile caterer,Unit 21,Parkhouse Road East,Chesterton,Newcastle under Lyme,ST5 7RB,Newcastle-Under-Lyme,AwaitingInspection,,FHRS,False,53.0469246,-2.23852,"Unit 21, Parkhouse Road East, Chesterton, Newcastle under Lyme, ST5 7RB"
